"Run","Reports","Frame","Cpu","P50","P95","P99","WindowMax","Gpu","Geometry"
"frame-1-rep-0","3","0,54","0,57","0,43","1,02","2,19","2,95","0,2","0,07"
"frame-1-rep-1","4","0,55","0,53","0,43","1,09","2,21","4,12","0,2","0,07"
"frame-1-rep-2","4","0,55","0,56","0,44","1,1","2,31","3,38","0,2","0,07"
"frame-2-rep-0","4","0,34","0,44","0,26","0,76","1,94","2,96","0,18","0,06"
"frame-2-rep-1","4","0,34","0,38","0,26","0,76","1,97","4,95","0,17","0,06"
"frame-2-rep-2","4","0,35","0,37","0,26","0,75","1,97","3,54","0,17","0,06"
"frame-3-rep-0","4","0,33","0,45","0,26","0,72","1,8","3,23","0,19","0,07"
"frame-3-rep-1","4","0,33","0,43","0,26","0,72","1,79","4,43","0,17","0,06"
"frame-3-rep-2","4","0,33","0,3","0,26","0,7","1,87","3,64","0,17","0,06"
"gbuffer-4070-extended-rep-0","4","0,91","0,93","0,78","1,86","2,85","5,38","0,68","0,27"
"gbuffer-4070-extended-rep-1","4","0,9","0,92","0,78","1,83","2,68","3,77","0,68","0,27"
"gbuffer-4070-standard-rep-0","4","0,85","0,86","0,72","1,82","2,77","4,76","0,63","0,22"
"gbuffer-4070-standard-rep-1","4","0,86","0,86","0,73","1,78","2,73","4,12","0,54","0,22"
"gbuffer-770-extended-contexts-1-long","4","32,65","32,66","25,78","50,73","118,07","275,84","25,64","3,57"
"gbuffer-770-extended-long","4","30,84","30,83","30,81","31,04","31,24","35,8","30,77","3,77"
"gbuffer-770-extended-rep-0","3","30,8","30,79","30,83","31,1","35,55","1563,56","30,82","3,77"
"gbuffer-770-extended-rep-1","3","30,79","30,81","30,82","31,12","35,3","951,43","30,73","3,77"
"gbuffer-770-standard-contexts-1-long","4","29,99","29,99","29,97","30,22","30,4","31,11","24,8","2,9"
"gbuffer-770-standard-long","4","30,11","29,96","29,94","34,91","35,06","37,28","24,71","2,91"
"gbuffer-770-standard-rep-0","3","29,94","29,96","29,94","34,92","35,06","1463,14","24,76","2,9"
"gbuffer-770-standard-rep-1","3","29,94","29,96","29,97","34,94","35,15","1480,88","29,95","2,89"
